Order_ID,Order_Date,Region,Customer_ID,Category,Product,Quantity,Unit_Price,Discount,Sales,Cost,Profit,Profit_Margin
ORD10001,1/1/2025,West,CUST1075,Office Supplies,Notebook,5,8.74,0.16,36.71,23.04,13.67,0.3724
ORD10002,1/2/2025,South,CUST1051,Clothing,T-Shirt,4,22.56,0.02,88.44,55.72,32.72,0.37
ORD10003,1/3/2025,South,CUST1015,Electronics,Headphones,6,87.52,0.17,435.84,267.2,168.64,0.3869
ORD10004,1/4/2025,South,CUST1068,Office Supplies,Printer Paper,7,10.9,0.03,74.04,41.56,32.48,0.4387
ORD10005,1/5/2025,East,CUST1021,Office Supplies,Printer Paper,3,12.94,0.08,35.71,19.81,15.9,0.4453
ORD10006,1/7/2025,North,CUST1013,Clothing,T-Shirt,7,25.14,0.16,147.81,120.71,27.1,0.1833
ORD10007,1/8/2025,North,CUST1086,Electronics,Keyboard,4,49.44,0.03,191.81,127.65,64.16,0.3345
ORD10008,1/9/2025,South,CUST1019,Electronics,Monitor,5,201.25,0.05,955.92,624.95,330.97,0.3462
ORD10009,1/10/2025,North,CUST1034,Office Supplies,Stapler,2,15.16,0.14,26.08,19.13,6.95,0.2665
ORD10010,1/11/2025,North,CUST1078,Furniture,Desk,4,273.47,0.14,940.72,572.83,367.89,0.3911
ORD10011,1/13/2025,South,CUST1068,Office Supplies,Stapler,2,15.07,0.13,26.22,21.15,5.07,0.1934
ORD10012,1/14/2025,South,CUST1112,Office Supplies,Pen Set,6,10.26,0.14,52.94,40.36,12.58,0.2376
ORD10013,1/15/2025,West,CUST1117,Office Supplies,Stapler,3,15.59,0.11,41.62,23.9,17.72,0.4258
ORD10014,1/16/2025,North,CUST1052,Office Supplies,Pen Set,1,9.91,0.05,9.41,6.24,3.17,0.3369
ORD10015,1/18/2025,East,CUST1110,Clothing,Jacket,7,92.3,0.07,600.85,473.09,127.76,0.2126
ORD10016,1/19/2025,South,CUST1027,Electronics,Keyboard,3,45.76,0.04,131.79,106.1,25.69,0.1949
ORD10017,1/20/2025,West,CUST1029,Clothing,Jacket,4,97.22,0.18,318.88,215.63,103.25,0.3238
ORD10018,1/21/2025,East,CUST1111,Clothing,T-Shirt,2,22.73,0.12,40,28.62,11.38,0.2845
ORD10019,1/22/2025,North,CUST1028,Clothing,Jacket,7,86.06,0.08,554.21,329.81,224.4,0.4049
ORD10020,1/24/2025,West,CUST1035,Office Supplies,Printer Paper,2,13.08,0.09,23.81,19.47,4.34,0.1823
ORD10021,1/25/2025,South,CUST1008,Furniture,Table,5,226.39,0.19,916.88,561.64,355.24,0.3874
ORD10022,1/26/2025,East,CUST1016,Electronics,Laptop,2,644.24,0.03,1249.82,1005.53,244.29,0.1955
ORD10023,1/27/2025,South,CUST1106,Furniture,Table,5,215.05,0.12,946.2,686.38,259.82,0.2746
ORD10024,1/29/2025,North,CUST1036,Clothing,Jeans,6,52.55,0.1,283.78,202.64,81.14,0.2859
ORD10025,1/30/2025,East,CUST1030,Clothing,Jeans,7,51.57,0.12,317.67,218.69,98.98,0.3116
ORD10026,1/31/2025,North,CUST1018,Furniture,Desk,7,248.18,0,1737.29,1063.71,673.58,0.3877
ORD10027,2/1/2025,North,CUST1002,Furniture,Bookshelf,1,174.72,0.17,145.02,86.67,58.35,0.4024
ORD10028,2/2/2025,West,CUST1049,Furniture,Bookshelf,4,183.01,0.19,592.96,361.43,231.53,0.3905
ORD10029,2/4/2025,South,CUST1077,Clothing,Shoes,5,68.67,0.11,305.56,183.44,122.12,0.3997
ORD10030,2/5/2025,East,CUST1004,Clothing,Shoes,1,82.12,0.14,70.62,53.71,16.91,0.2395
ORD10031,2/6/2025,North,CUST1090,Electronics,Laptop,2,713.21,0.18,1169.66,753.89,415.77,0.3555
ORD10032,2/7/2025,North,CUST1089,Electronics,Laptop,2,675.76,0.14,1162.31,657.42,504.89,0.4344
ORD10033,2/8/2025,East,CUST1094,Clothing,Shoes,1,75.54,0.03,73.28,59.48,13.8,0.1883
ORD10034,2/10/2025,North,CUST1075,Furniture,Bookshelf,7,173.14,0.12,1066.56,841.11,225.45,0.2114
ORD10035,2/11/2025,West,CUST1007,Furniture,Desk,2,265.69,0.12,467.61,374.32,93.29,0.1995
ORD10036,2/12/2025,West,CUST1095,Electronics,Keyboard,6,46.66,0.08,257.58,210.86,46.72,0.1814
ORD10037,2/13/2025,West,CUST1108,Clothing,T-Shirt,6,23.31,0.15,118.9,70.98,47.92,0.403
ORD10038,2/15/2025,West,CUST1074,Electronics,Headphones,1,86.57,0.19,70.13,46.07,24.06,0.3431
ORD10039,2/16/2025,North,CUST1039,Electronics,Keyboard,5,47.9,0.19,194.01,146.42,47.59,0.2453
ORD10040,2/17/2025,East,CUST1013,Office Supplies,Stapler,5,16.35,0.09,74.39,54.89,19.5,0.2621
ORD10041,2/18/2025,East,CUST1031,Office Supplies,Pen Set,1,10.45,0.02,10.24,6.06,4.18,0.4082
ORD10042,2/19/2025,East,CUST1071,Office Supplies,Stapler,5,15.34,0.2,61.36,47.26,14.1,0.2298
ORD10043,2/21/2025,East,CUST1063,Furniture,Bookshelf,7,177.06,0.17,1028.7,628.12,400.58,0.3894
ORD10044,2/22/2025,South,CUST1056,Clothing,Jeans,7,59.76,0.02,409.95,250.25,159.7,0.3896
ORD10045,2/23/2025,East,CUST1113,Clothing,Jacket,5,96.59,0.18,396.02,275.23,120.79,0.305
ORD10046,2/24/2025,South,CUST1042,Clothing,Jacket,6,81.81,0.17,407.43,289.31,118.12,0.2899
ORD10047,2/26/2025,South,CUST1061,Clothing,Jacket,5,81.47,0.1,366.64,259.08,107.56,0.2934
ORD10048,2/27/2025,West,CUST1042,Office Supplies,Stapler,7,14.63,0.12,90.12,51.79,38.33,0.4253
ORD10049,2/28/2025,South,CUST1056,Furniture,Table,3,223.04,0.08,615.6,484.42,131.18,0.2131
ORD10050,3/1/2025,North,CUST1036,Furniture,Bookshelf,4,197.54,0.01,782.27,486.35,295.92,0.3783
ORD10051,3/2/2025,South,CUST1084,Office Supplies,Stapler,2,13.95,0.07,25.95,15.18,10.77,0.415
ORD10052,3/4/2025,West,CUST1068,Furniture,Chair,3,122.26,0.16,308.09,243.38,64.71,0.21
ORD10053,3/5/2025,South,CUST1118,Office Supplies,Notebook,5,7.81,0,39.05,31.55,7.5,0.1921
ORD10054,3/6/2025,North,CUST1007,Clothing,Shoes,6,82.05,0.07,457.83,358.38,99.45,0.2172
ORD10055,3/7/2025,North,CUST1054,Office Supplies,Stapler,1,16.03,0.08,14.74,11.33,3.41,0.2313
ORD10056,3/8/2025,North,CUST1001,Clothing,Jacket,5,96.09,0.11,427.6,310.83,116.77,0.2731
ORD10057,3/10/2025,West,CUST1044,Clothing,Jeans,6,54.66,0.18,268.91,187.9,81.01,0.3013
ORD10058,3/11/2025,West,CUST1120,Electronics,Keyboard,4,44.23,0.07,164.55,94.37,70.18,0.4265
ORD10059,3/12/2025,East,CUST1045,Office Supplies,Notebook,5,7.64,0.07,35.51,23.45,12.06,0.3396
ORD10060,3/13/2025,West,CUST1106,Electronics,Headphones,7,72.9,0.15,433.77,282.22,151.55,0.3494
ORD10061,3/15/2025,North,CUST1047,Office Supplies,Stapler,1,16.09,0.09,14.65,9.08,5.57,0.3802
ORD10062,3/16/2025,North,CUST1013,Office Supplies,Notebook,6,8.5,0.04,48.96,36.49,12.47,0.2547
ORD10063,3/17/2025,West,CUST1119,Electronics,Laptop,6,714.96,0.09,3903.7,2669.69,1234.01,0.3161
ORD10064,3/18/2025,South,CUST1022,Electronics,Monitor,6,241.85,0.03,1407.58,804.97,602.61,0.4281
ORD10065,3/19/2025,West,CUST1118,Office Supplies,Pen Set,4,10.11,0.04,38.83,23.66,15.17,0.3907
ORD10066,3/21/2025,West,CUST1021,Furniture,Bookshelf,5,189.68,0.1,853.58,626.94,226.64,0.2655
ORD10067,3/22/2025,North,CUST1086,Clothing,Jeans,4,59.89,0.08,220.4,125.75,94.65,0.4294
ORD10068,3/23/2025,East,CUST1092,Electronics,Monitor,2,235.38,0.18,386.03,301.04,84.99,0.2202
ORD10069,3/24/2025,North,CUST1009,Clothing,Jacket,2,85.45,0.07,158.94,108.67,50.27,0.3163
ORD10070,3/26/2025,East,CUST1026,Furniture,Bookshelf,5,178.22,0.12,784.17,533.05,251.12,0.3202
ORD10071,3/27/2025,North,CUST1009,Furniture,Table,7,194.42,0.13,1184.05,840.62,343.43,0.29
ORD10072,3/28/2025,West,CUST1015,Furniture,Table,4,229.07,0,916.28,707.98,208.3,0.2273
ORD10073,3/29/2025,North,CUST1010,Electronics,Monitor,1,224.67,0.13,195.46,125.86,69.6,0.3561
ORD10074,3/30/2025,North,CUST1088,Furniture,Table,6,198.6,0.04,1143.95,838.59,305.36,0.2669
ORD10075,4/1/2025,North,CUST1042,Electronics,Laptop,6,672.32,0.19,3267.48,2296.21,971.27,0.2973
ORD10076,4/2/2025,West,CUST1072,Furniture,Table,5,214.96,0.03,1042.56,648.57,393.99,0.3779
ORD10077,4/3/2025,West,CUST1024,Clothing,Shoes,7,72.87,0.08,469.3,369.45,99.85,0.2128
ORD10078,4/4/2025,West,CUST1080,Clothing,T-Shirt,2,23.07,0.02,45.21,34.6,10.61,0.2347
ORD10079,4/5/2025,West,CUST1049,Office Supplies,Printer Paper,2,12.41,0.2,19.86,14.45,5.41,0.2724
ORD10080,4/7/2025,East,CUST1026,Clothing,T-Shirt,6,25.1,0.1,135.55,105.68,29.87,0.2204
ORD10081,4/8/2025,East,CUST1091,Office Supplies,Stapler,5,15.82,0.12,69.59,54.57,15.02,0.2158
ORD10082,4/9/2025,South,CUST1037,Clothing,Jeans,4,55.22,0.01,218.68,162.1,56.58,0.2587
ORD10083,4/10/2025,West,CUST1068,Electronics,Keyboard,2,48.17,0.15,81.89,63.55,18.34,0.224
ORD10084,4/12/2025,East,CUST1050,Clothing,T-Shirt,4,25.26,0.04,97,71.62,25.38,0.2616
ORD10085,4/13/2025,North,CUST1024,Office Supplies,Notebook,7,8.1,0.18,46.48,34.1,12.38,0.2664
ORD10086,4/14/2025,West,CUST1019,Office Supplies,Stapler,2,16.13,0.04,30.97,22.21,8.76,0.2829
ORD10087,4/15/2025,South,CUST1100,Furniture,Bookshelf,2,176.53,0.04,338.93,255.29,83.64,0.2468
ORD10088,4/16/2025,South,CUST1060,Electronics,Headphones,3,74.14,0.01,220.21,130.55,89.66,0.4072
ORD10089,4/18/2025,South,CUST1039,Clothing,T-Shirt,2,22.64,0.09,41.21,32.47,8.74,0.2121
ORD10090,4/19/2025,North,CUST1074,Furniture,Chair,1,126.12,0.11,112.25,88.16,24.09,0.2146
ORD10091,4/20/2025,East,CUST1089,Clothing,Jacket,5,92.17,0.01,456.22,254.52,201.7,0.4421
ORD10092,4/21/2025,North,CUST1018,Clothing,Jacket,5,93.67,0.16,393.43,304.11,89.32,0.227
ORD10093,4/23/2025,West,CUST1019,Furniture,Table,4,197.94,0.09,720.52,421.36,299.16,0.4152
ORD10094,4/24/2025,South,CUST1036,Furniture,Table,7,194.73,0.1,1226.78,785.73,441.05,0.3595
ORD10095,4/25/2025,North,CUST1074,Furniture,Bookshelf,2,162.52,0.09,295.79,222.06,73.73,0.2493
ORD10096,4/26/2025,North,CUST1097,Furniture,Table,1,203.72,0.08,187.43,111.22,76.21,0.4066
ORD10097,4/27/2025,East,CUST1055,Furniture,Table,4,213.78,0.11,761.04,586.65,174.39,0.2291
ORD10098,4/29/2025,East,CUST1114,Clothing,Jeans,3,53.81,0.03,156.6,121.31,35.29,0.2254
ORD10099,4/30/2025,South,CUST1069,Furniture,Table,4,207.37,0.04,796.32,547.08,249.24,0.313
ORD10100,5/1/2025,North,CUST1047,Electronics,Laptop,4,702.54,0.17,2332.43,1286.86,1045.57,0.4483
ORD10101,5/2/2025,North,CUST1049,Office Supplies,Stapler,2,14.54,0.19,23.56,14.78,8.78,0.3727
ORD10102,5/3/2025,East,CUST1099,Furniture,Table,3,210.59,0.07,587.54,421.01,166.53,0.2834
ORD10103,5/5/2025,North,CUST1108,Furniture,Bookshelf,4,190.21,0.05,722.8,589.02,133.78,0.1851
ORD10104,5/6/2025,North,CUST1098,Clothing,T-Shirt,1,24.48,0.13,21.3,15.35,5.95,0.2793
ORD10105,5/7/2025,North,CUST1033,Furniture,Table,1,215.13,0.08,197.92,122.74,75.18,0.3799
ORD10106,5/8/2025,East,CUST1119,Furniture,Table,5,225.22,0.01,1114.84,804,310.84,0.2788
ORD10107,5/10/2025,South,CUST1021,Furniture,Desk,3,272.48,0.03,792.91,551.7,241.21,0.3042
ORD10108,5/11/2025,West,CUST1081,Clothing,Shoes,3,69.71,0.14,179.84,136.78,43.06,0.2394
ORD10109,5/12/2025,South,CUST1022,Furniture,Table,5,227.92,0.13,991.44,573.93,417.51,0.4211
ORD10110,5/13/2025,West,CUST1048,Office Supplies,Printer Paper,4,11.98,0.01,47.45,35.85,11.6,0.2445
ORD10111,5/14/2025,North,CUST1037,Clothing,Jacket,3,85.65,0.04,246.67,171.72,74.95,0.3038
ORD10112,5/16/2025,South,CUST1015,Office Supplies,Stapler,1,14.88,0.05,14.13,11.45,2.68,0.1897
ORD10113,5/17/2025,West,CUST1035,Clothing,Jeans,1,60.28,0.13,52.44,33.68,18.76,0.3577
ORD10114,5/18/2025,East,CUST1092,Furniture,Chair,2,119.82,0,239.65,172.74,66.91,0.2792
ORD10115,5/19/2025,East,CUST1071,Office Supplies,Pen Set,3,9.66,0.02,28.39,22.76,5.63,0.1983
ORD10116,5/21/2025,South,CUST1032,Clothing,T-Shirt,4,25.67,0.16,86.24,49.82,36.42,0.4223
ORD10117,5/22/2025,South,CUST1011,Electronics,Laptop,5,616.22,0.04,2957.85,2375.31,582.54,0.1969
ORD10118,5/23/2025,North,CUST1010,Furniture,Desk,5,228.79,0.13,995.25,732.23,263.02,0.2643
ORD10119,5/24/2025,South,CUST1073,Clothing,Shoes,4,69.43,0.05,263.85,149.95,113.9,0.4317
ORD10120,5/25/2025,North,CUST1078,Electronics,Monitor,7,203.63,0.02,1396.93,881.83,515.1,0.3687
ORD10121,5/27/2025,North,CUST1077,Clothing,Jeans,6,51.17,0.05,291.67,216.19,75.48,0.2588
ORD10122,5/28/2025,East,CUST1057,Electronics,Monitor,2,204.11,0.14,351.07,199.47,151.6,0.4318
ORD10123,5/29/2025,East,CUST1025,Furniture,Desk,5,257.04,0.17,1066.73,754.38,312.35,0.2928
ORD10124,5/30/2025,West,CUST1002,Office Supplies,Pen Set,3,9.36,0.17,23.32,15,8.32,0.3568
ORD10125,5/31/2025,East,CUST1064,Electronics,Keyboard,2,43.61,0.08,80.24,57.58,22.66,0.2824
ORD10126,6/2/2025,East,CUST1035,Clothing,T-Shirt,3,26.98,0.13,70.43,39.61,30.82,0.4376
ORD10127,6/3/2025,South,CUST1007,Furniture,Chair,7,119.38,0.04,802.2,629.98,172.22,0.2147
ORD10128,6/4/2025,East,CUST1085,Electronics,Keyboard,1,46.51,0.06,43.72,35.54,8.18,0.1871
ORD10129,6/5/2025,West,CUST1018,Clothing,T-Shirt,2,23.36,0.18,38.31,31.09,7.22,0.1885
ORD10130,6/7/2025,South,CUST1067,Clothing,Shoes,5,70.38,0,351.92,264.79,87.13,0.2476
ORD10131,6/8/2025,West,CUST1042,Clothing,T-Shirt,2,22.7,0.02,44.5,26.04,18.46,0.4148
ORD10132,6/9/2025,East,CUST1118,Electronics,Monitor,2,205.43,0.04,394.43,297.69,96.74,0.2453
ORD10133,6/10/2025,West,CUST1039,Electronics,Laptop,2,621.22,0.01,1230.01,684.67,545.34,0.4434
ORD10134,6/11/2025,South,CUST1041,Electronics,Keyboard,6,42.09,0.04,242.46,134.8,107.66,0.444
ORD10135,6/13/2025,North,CUST1113,Office Supplies,Stapler,2,13.77,0.12,24.23,15.44,8.79,0.3628
ORD10136,6/14/2025,West,CUST1075,Electronics,Keyboard,3,41.59,0.08,114.78,78.27,36.51,0.3181
ORD10137,6/15/2025,West,CUST1103,Electronics,Keyboard,1,44.65,0.18,36.61,27.75,8.86,0.242
ORD10138,6/16/2025,South,CUST1024,Electronics,Keyboard,7,42.36,0.16,249.06,182.93,66.13,0.2655
ORD10139,6/18/2025,South,CUST1060,Office Supplies,Pen Set,4,9.73,0.07,36.19,24.26,11.93,0.3296
ORD10140,6/19/2025,West,CUST1046,Electronics,Headphones,2,80.05,0.05,152.1,94.89,57.21,0.3761
ORD10141,6/20/2025,East,CUST1019,Clothing,T-Shirt,5,25.95,0.08,119.38,97.8,21.58,0.1808
ORD10142,6/21/2025,West,CUST1068,Electronics,Keyboard,2,40.85,0.12,71.9,47.82,24.08,0.3349
ORD10143,6/22/2025,South,CUST1090,Clothing,T-Shirt,5,26.5,0.05,125.86,84.56,41.3,0.3281
ORD10144,6/24/2025,North,CUST1102,Clothing,Shoes,3,76.92,0.12,203.06,120.65,82.41,0.4058
ORD10145,6/25/2025,North,CUST1042,Clothing,Shoes,5,68.73,0.08,316.14,241.72,74.42,0.2354
ORD10146,6/26/2025,East,CUST1032,Office Supplies,Pen Set,4,10.75,0.11,38.26,28.21,10.05,0.2627
ORD10147,6/27/2025,West,CUST1039,Office Supplies,Pen Set,1,10.84,0.09,9.87,6.02,3.85,0.3901
ORD10148,6/28/2025,North,CUST1109,Office Supplies,Printer Paper,5,10.95,0.06,51.45,29.44,22.01,0.4278
ORD10149,6/30/2025,West,CUST1110,Electronics,Headphones,5,76.43,0.19,309.54,227.12,82.42,0.2663
ORD10150,7/1/2025,South,CUST1036,Clothing,Jeans,1,58.37,0.15,49.61,36.05,13.56,0.2733
ORD10151,7/2/2025,North,CUST1104,Office Supplies,Printer Paper,4,12.6,0.03,48.87,30.48,18.39,0.3763
ORD10152,7/3/2025,East,CUST1101,Office Supplies,Printer Paper,2,11.24,0.17,18.66,15.05,3.61,0.1935
ORD10153,7/5/2025,South,CUST1097,Electronics,Monitor,5,207.21,0.1,932.45,550.88,381.57,0.4092
ORD10154,7/6/2025,East,CUST1036,Office Supplies,Printer Paper,1,11.69,0.18,9.59,6.39,3.2,0.3337
ORD10155,7/7/2025,South,CUST1003,Electronics,Laptop,3,647.99,0.16,1632.93,1314.14,318.79,0.1952
ORD10156,7/8/2025,North,CUST1073,Furniture,Bookshelf,1,184.26,0.09,167.67,111.22,56.45,0.3367
ORD10157,7/9/2025,East,CUST1008,Office Supplies,Printer Paper,3,11.69,0,35.06,25.33,9.73,0.2775
ORD10158,7/11/2025,East,CUST1097,Furniture,Table,4,208.43,0.05,792.02,520.63,271.39,0.3427
ORD10159,7/12/2025,South,CUST1070,Electronics,Headphones,2,83.96,0.11,149.45,93.26,56.19,0.376
ORD10160,7/13/2025,East,CUST1041,Clothing,Jacket,1,81.66,0.13,71.04,57.95,13.09,0.1843
ORD10161,7/14/2025,South,CUST1103,Office Supplies,Printer Paper,7,11.41,0.05,75.85,50.1,25.75,0.3395
ORD10162,7/16/2025,South,CUST1068,Electronics,Laptop,7,677.74,0.03,4601.82,3641.91,959.91,0.2086
ORD10163,7/17/2025,South,CUST1013,Clothing,Jeans,6,59.35,0.17,295.55,180.9,114.65,0.3879
ORD10164,7/18/2025,South,CUST1049,Clothing,T-Shirt,5,25.06,0.2,100.23,60.89,39.34,0.3925
ORD10165,7/19/2025,North,CUST1060,Furniture,Table,4,211.35,0.11,752.4,420.14,332.26,0.4416
ORD10166,7/20/2025,South,CUST1002,Electronics,Headphones,1,73.71,0.03,71.5,51.91,19.59,0.274
ORD10167,7/22/2025,West,CUST1060,Clothing,Shoes,7,74.21,0.05,493.5,320.53,172.97,0.3505
ORD10168,7/23/2025,East,CUST1005,Office Supplies,Notebook,5,8.05,0,40.26,31.54,8.72,0.2166
ORD10169,7/24/2025,West,CUST1044,Office Supplies,Notebook,7,7.59,0.18,43.55,29.52,14.03,0.3222
ORD10170,7/25/2025,North,CUST1027,Furniture,Table,1,200.31,0.02,196.3,159.28,37.02,0.1886
ORD10171,7/26/2025,West,CUST1032,Clothing,T-Shirt,3,24.39,0.12,64.38,38.63,25.75,0.4
ORD10172,7/28/2025,East,CUST1021,Electronics,Keyboard,1,40.68,0.05,38.65,30.32,8.33,0.2155
ORD10173,7/29/2025,West,CUST1008,Office Supplies,Pen Set,6,9.64,0.11,51.5,39.12,12.38,0.2404
ORD10174,7/30/2025,North,CUST1102,Clothing,Shoes,1,70.67,0.13,61.48,46.61,14.87,0.2419
ORD10175,7/31/2025,South,CUST1072,Clothing,Jacket,1,86.89,0.17,72.12,56.12,16,0.2219
ORD10176,8/2/2025,West,CUST1050,Furniture,Table,6,194.03,0.04,1117.61,844.33,273.28,0.2445
ORD10177,8/3/2025,North,CUST1067,Office Supplies,Notebook,4,8.62,0,34.5,24.81,9.69,0.2809
ORD10178,8/4/2025,North,CUST1118,Office Supplies,Stapler,1,15.28,0.03,14.82,8.68,6.14,0.4143
ORD10179,8/5/2025,East,CUST1044,Electronics,Laptop,6,673.28,0.18,3312.55,1850.99,1461.56,0.4412
ORD10180,8/6/2025,East,CUST1058,Office Supplies,Stapler,5,15.87,0.17,65.85,52.59,13.26,0.2014
ORD10181,8/8/2025,West,CUST1003,Electronics,Keyboard,3,44.99,0.12,118.76,85.09,33.67,0.2835
ORD10182,8/9/2025,South,CUST1086,Office Supplies,Printer Paper,3,11.01,0.12,29.06,22.23,6.83,0.235
ORD10183,8/10/2025,North,CUST1070,Furniture,Chair,1,120.89,0.13,105.17,71.52,33.65,0.32
ORD10184,8/11/2025,West,CUST1002,Office Supplies,Printer Paper,4,12.21,0.04,46.88,27.27,19.61,0.4183
ORD10185,8/13/2025,North,CUST1087,Electronics,Laptop,4,681.91,0.18,2236.66,1305.76,930.9,0.4162
ORD10186,8/14/2025,North,CUST1044,Electronics,Monitor,5,216.99,0.08,998.17,733.76,264.41,0.2649
ORD10187,8/15/2025,South,CUST1002,Furniture,Bookshelf,1,166.59,0.08,153.27,102.11,51.16,0.3338
ORD10188,8/16/2025,South,CUST1102,Office Supplies,Stapler,3,14.35,0.1,38.75,23.41,15.34,0.3959
ORD10189,8/17/2025,West,CUST1081,Office Supplies,Notebook,4,7.78,0.01,30.81,21.03,9.78,0.3174
ORD10190,8/19/2025,South,CUST1035,Furniture,Chair,1,123.5,0.03,119.8,67.97,51.83,0.4326
ORD10191,8/20/2025,South,CUST1098,Office Supplies,Stapler,7,15.21,0.15,90.51,64,26.51,0.2929
ORD10192,8/21/2025,West,CUST1087,Office Supplies,Notebook,4,7.77,0.02,30.46,18.97,11.49,0.3772
ORD10193,8/22/2025,South,CUST1030,Electronics,Laptop,6,713.25,0.12,3765.94,2882.23,883.71,0.2347
ORD10194,8/23/2025,East,CUST1116,Office Supplies,Printer Paper,7,12.25,0.05,81.49,51.65,29.84,0.3662
ORD10195,8/25/2025,North,CUST1008,Office Supplies,Notebook,4,7.58,0.08,27.89,18.77,9.12,0.327
ORD10196,8/26/2025,North,CUST1022,Furniture,Bookshelf,3,165.66,0.06,467.17,258.41,208.76,0.4469
ORD10197,8/27/2025,North,CUST1044,Furniture,Bookshelf,2,167.5,0.07,311.56,177.45,134.11,0.4304
ORD10198,8/28/2025,North,CUST1058,Clothing,Shoes,7,71.19,0.14,428.56,281.12,147.44,0.344
ORD10199,8/30/2025,West,CUST1036,Electronics,Laptop,5,605.89,0.06,2847.68,1935.24,912.44,0.3204
ORD10200,8/31/2025,North,CUST1069,Office Supplies,Stapler,5,14.06,0.11,62.57,44.55,18.02,0.288
ORD10201,9/1/2025,North,CUST1077,Office Supplies,Pen Set,3,9.57,0.1,25.84,16.25,9.59,0.3711
ORD10202,9/2/2025,North,CUST1093,Clothing,T-Shirt,4,23.37,0.13,81.32,59.99,21.33,0.2623
ORD10203,9/3/2025,North,CUST1031,Office Supplies,Notebook,1,8.63,0.19,6.99,5.47,1.52,0.2175
ORD10204,9/5/2025,East,CUST1047,Electronics,Keyboard,4,41.22,0.15,140.16,106.6,33.56,0.2394
ORD10205,9/6/2025,North,CUST1055,Clothing,Jacket,3,90.44,0.04,260.47,146.04,114.43,0.4393
ORD10206,9/7/2025,East,CUST1080,Electronics,Laptop,5,638.35,0.01,3159.84,2147.86,1011.98,0.3203
ORD10207,9/8/2025,West,CUST1106,Clothing,Shoes,4,82.24,0.05,312.5,180.73,131.77,0.4217
ORD10208,9/10/2025,South,CUST1062,Clothing,Jacket,5,83.02,0.12,365.27,224.77,140.5,0.3846
ORD10209,9/11/2025,North,CUST1030,Furniture,Table,7,205.71,0.01,1425.57,1163.83,261.74,0.1836
ORD10210,9/12/2025,South,CUST1055,Electronics,Monitor,1,240.66,0.1,216.59,127.46,89.13,0.4115
ORD10211,9/13/2025,South,CUST1016,Office Supplies,Notebook,7,8.58,0.12,52.88,36.21,16.67,0.3152
ORD10212,9/14/2025,West,CUST1012,Office Supplies,Printer Paper,5,12.76,0.07,59.34,42.54,16.8,0.2831
ORD10213,9/16/2025,South,CUST1017,Electronics,Headphones,5,76.13,0.15,323.54,239.31,84.23,0.2603
ORD10214,9/17/2025,East,CUST1016,Office Supplies,Printer Paper,2,11.21,0.02,21.97,15.4,6.57,0.299
ORD10215,9/18/2025,South,CUST1012,Office Supplies,Printer Paper,2,12.4,0.02,24.31,13.43,10.88,0.4476
ORD10216,9/19/2025,South,CUST1008,Electronics,Headphones,7,86.87,0.15,516.88,329.84,187.04,0.3619
ORD10217,9/20/2025,South,CUST1084,Clothing,Shoes,6,75.85,0.1,409.6,282.53,127.07,0.3102
ORD10218,9/22/2025,North,CUST1003,Electronics,Monitor,7,223.15,0.14,1343.37,770.72,572.65,0.4263
ORD10219,9/23/2025,North,CUST1016,Clothing,Shoes,2,71.7,0.09,130.49,84.12,46.37,0.3554
ORD10220,9/24/2025,East,CUST1030,Office Supplies,Printer Paper,5,12.65,0.05,60.07,33.58,26.49,0.441
ORD10221,9/25/2025,East,CUST1109,Office Supplies,Stapler,3,14.06,0.16,35.43,20.24,15.19,0.4287
ORD10222,9/27/2025,North,CUST1023,Office Supplies,Pen Set,7,9.65,0.16,56.73,37.28,19.45,0.3429
ORD10223,9/28/2025,East,CUST1092,Furniture,Desk,5,246.27,0.14,1058.97,620.38,438.59,0.4142
ORD10224,9/29/2025,North,CUST1115,Clothing,Jacket,3,90.14,0.05,256.89,180.65,76.24,0.2968
ORD10225,9/30/2025,West,CUST1104,Furniture,Desk,3,237.12,0.12,626,460.83,165.17,0.2638
ORD10226,10/1/2025,South,CUST1118,Furniture,Bookshelf,2,166.13,0.07,309.01,236.75,72.26,0.2338
ORD10227,10/3/2025,South,CUST1005,Electronics,Headphones,7,81.77,0.02,560.94,338.83,222.11,0.396
ORD10228,10/4/2025,East,CUST1084,Furniture,Desk,4,239.43,0.18,785.34,467.45,317.89,0.4048
ORD10229,10/5/2025,North,CUST1104,Electronics,Monitor,1,223.57,0.03,216.87,125.4,91.47,0.4218
ORD10230,10/6/2025,North,CUST1120,Electronics,Monitor,2,204.79,0.19,331.76,239.48,92.28,0.2782
ORD10231,10/8/2025,East,CUST1108,Furniture,Chair,2,119.55,0.09,217.58,161.17,56.41,0.2593
ORD10232,10/9/2025,North,CUST1065,Clothing,Shoes,4,75.49,0.04,289.88,161.91,127.97,0.4415
ORD10233,10/10/2025,West,CUST1030,Clothing,T-Shirt,1,22.76,0.11,20.26,16.26,4,0.1974
ORD10234,10/11/2025,South,CUST1021,Clothing,T-Shirt,5,24.18,0.17,100.36,56.61,43.75,0.4359
ORD10235,10/12/2025,East,CUST1084,Clothing,Jacket,6,83.42,0.15,425.44,296.17,129.27,0.3039
ORD10236,10/14/2025,East,CUST1070,Clothing,Jeans,7,50.2,0.16,295.16,218.85,76.31,0.2585
ORD10237,10/15/2025,North,CUST1022,Furniture,Table,6,230.58,0.13,1203.62,945.04,258.58,0.2148
ORD10238,10/16/2025,East,CUST1082,Furniture,Bookshelf,5,173.6,0.14,746.5,554.5,192,0.2572
ORD10239,10/17/2025,West,CUST1072,Office Supplies,Notebook,2,8.5,0.17,14.1,10.81,3.29,0.2333
ORD10240,10/18/2025,North,CUST1103,Clothing,Jeans,1,52.3,0.05,49.69,31.88,17.81,0.3584
ORD10241,10/20/2025,North,CUST1032,Furniture,Bookshelf,2,186.53,0.1,335.76,258.54,77.22,0.23
ORD10242,10/21/2025,North,CUST1033,Office Supplies,Printer Paper,3,12.62,0.04,36.36,20.78,15.58,0.4285
ORD10243,10/22/2025,North,CUST1117,Clothing,Jacket,2,91.72,0.2,146.75,116.17,30.58,0.2084
ORD10244,10/23/2025,West,CUST1016,Electronics,Monitor,2,218.75,0.19,354.37,247.3,107.07,0.3021
ORD10245,10/25/2025,North,CUST1076,Office Supplies,Notebook,5,7.86,0.01,38.9,29.98,8.92,0.2293
ORD10246,10/26/2025,East,CUST1038,Furniture,Table,5,203.65,0.14,875.71,588.59,287.12,0.3279
ORD10247,10/27/2025,West,CUST1116,Electronics,Laptop,5,705.84,0.19,2858.65,2068.99,789.66,0.2762
ORD10248,10/28/2025,South,CUST1098,Electronics,Keyboard,6,47.98,0.04,276.34,191.26,85.08,0.3079
ORD10249,10/29/2025,South,CUST1014,Electronics,Monitor,3,240.46,0.11,642.03,479.94,162.09,0.2525
ORD10250,10/31/2025,East,CUST1036,Office Supplies,Pen Set,5,9.25,0.18,37.92,21.69,16.23,0.428
ORD10251,11/1/2025,East,CUST1097,Furniture,Chair,1,125.54,0.01,124.29,70.38,53.91,0.4337
ORD10252,11/2/2025,West,CUST1023,Electronics,Keyboard,6,48.95,0.14,252.56,155.76,96.8,0.3833
ORD10253,11/3/2025,South,CUST1114,Clothing,T-Shirt,4,23.41,0.06,88.01,52.2,35.81,0.4069
ORD10254,11/5/2025,South,CUST1109,Electronics,Keyboard,1,41.1,0.18,33.7,26.47,7.23,0.2145
ORD10255,11/6/2025,South,CUST1066,Electronics,Laptop,7,681.35,0.19,3863.23,2353.43,1509.8,0.3908
ORD10256,11/7/2025,South,CUST1105,Office Supplies,Stapler,7,15.22,0.19,86.32,70.22,16.1,0.1865
ORD10257,11/8/2025,South,CUST1085,Office Supplies,Stapler,1,16.03,0.09,14.58,9.35,5.23,0.3587
ORD10258,11/9/2025,North,CUST1002,Furniture,Desk,5,231.99,0.17,962.75,576.85,385.9,0.4008
ORD10259,11/11/2025,East,CUST1091,Clothing,Shoes,4,79.43,0.17,263.7,201.26,62.44,0.2368
ORD10260,11/12/2025,North,CUST1073,Office Supplies,Printer Paper,4,11.28,0.06,42.43,30.88,11.55,0.2722
ORD10261,11/13/2025,South,CUST1065,Electronics,Keyboard,6,41.97,0.17,209.03,143.08,65.95,0.3155
ORD10262,11/14/2025,West,CUST1075,Furniture,Bookshelf,4,167.91,0.01,664.94,465.42,199.52,0.3001
ORD10263,11/15/2025,West,CUST1067,Electronics,Headphones,7,85.03,0.12,523.8,389.8,134,0.2558
ORD10264,11/17/2025,South,CUST1052,Electronics,Headphones,3,82.64,0.05,235.53,144.07,91.46,0.3883
ORD10265,11/18/2025,South,CUST1062,Office Supplies,Stapler,5,15.07,0.02,73.84,60.48,13.36,0.1809
ORD10266,11/19/2025,West,CUST1023,Furniture,Desk,4,242.94,0.02,952.33,774.43,177.9,0.1868
ORD10267,11/20/2025,North,CUST1026,Clothing,Jeans,6,59.15,0.14,305.21,221.46,83.75,0.2744
ORD10268,11/22/2025,North,CUST1068,Clothing,Shoes,7,73.39,0.07,477.75,288.5,189.25,0.3961
ORD10269,11/23/2025,South,CUST1082,Office Supplies,Pen Set,3,10.63,0.14,27.43,20.12,7.31,0.2665
ORD10270,11/24/2025,North,CUST1055,Office Supplies,Pen Set,2,9.88,0.01,19.56,11.14,8.42,0.4305
ORD10271,11/25/2025,West,CUST1006,Furniture,Desk,2,243.85,0.06,458.43,255.93,202.5,0.4417
ORD10272,11/26/2025,North,CUST1035,Clothing,Jacket,3,89.33,0.11,238.51,147.77,90.74,0.3804
ORD10273,11/28/2025,South,CUST1022,Clothing,T-Shirt,7,24.01,0.16,141.16,95.27,45.89,0.3251
ORD10274,11/29/2025,West,CUST1043,Clothing,Jeans,6,57.72,0.06,325.56,255.38,70.18,0.2156
ORD10275,11/30/2025,North,CUST1015,Electronics,Headphones,3,80.04,0.13,208.91,155.92,52.99,0.2536
ORD10276,12/1/2025,East,CUST1086,Clothing,Jeans,5,52.05,0.18,213.42,160.18,53.24,0.2495
ORD10277,12/3/2025,West,CUST1060,Electronics,Laptop,5,701.94,0.12,3088.56,2053.53,1035.03,0.3351
ORD10278,12/4/2025,West,CUST1101,Furniture,Desk,2,244.19,0.05,463.97,298.52,165.45,0.3566
ORD10279,12/5/2025,East,CUST1116,Electronics,Monitor,4,221.92,0,887.67,577.15,310.52,0.3498
ORD10280,12/6/2025,East,CUST1106,Furniture,Desk,6,270.32,0.17,1346.21,1099.4,246.81,0.1833
ORD10281,12/7/2025,West,CUST1012,Clothing,Jeans,2,56.37,0,112.73,63.22,49.51,0.4392
ORD10282,12/9/2025,East,CUST1111,Clothing,T-Shirt,4,23.08,0.17,76.64,60.09,16.55,0.2159
ORD10283,12/10/2025,South,CUST1049,Furniture,Table,4,228.47,0.11,813.36,574.43,238.93,0.2938
ORD10284,12/11/2025,South,CUST1042,Office Supplies,Printer Paper,5,12.31,0.19,49.84,33.31,16.53,0.3317
ORD10285,12/12/2025,South,CUST1038,Furniture,Desk,7,241.75,0.16,1421.46,1060.15,361.31,0.2542
ORD10286,12/13/2025,West,CUST1082,Office Supplies,Pen Set,1,9.28,0.2,7.42,5.06,2.36,0.3181
ORD10287,12/15/2025,East,CUST1045,Electronics,Monitor,7,232.94,0.07,1516.42,1191.64,324.78,0.2142
ORD10288,12/16/2025,East,CUST1035,Electronics,Headphones,1,81.92,0.15,69.63,55.23,14.4,0.2068
ORD10289,12/17/2025,North,CUST1030,Electronics,Keyboard,3,45.3,0.08,125.03,83,42.03,0.3362
ORD10290,12/18/2025,North,CUST1088,Clothing,T-Shirt,5,26.97,0.1,121.36,75.82,45.54,0.3752
ORD10291,12/20/2025,East,CUST1106,Electronics,Laptop,4,687.52,0.13,2392.56,1698.56,694,0.2901
ORD10292,12/21/2025,East,CUST1030,Office Supplies,Stapler,6,13.96,0.17,69.5,55.35,14.15,0.2036
ORD10293,12/22/2025,East,CUST1078,Electronics,Laptop,1,625.52,0.2,500.42,303.69,196.73,0.3931
ORD10294,12/23/2025,West,CUST1006,Furniture,Table,7,199.44,0.15,1186.65,852.25,334.4,0.2818
ORD10295,12/24/2025,East,CUST1067,Furniture,Table,4,220.25,0.08,810.5,583.98,226.52,0.2795
ORD10296,12/26/2025,North,CUST1080,Clothing,Shoes,1,68,0.08,62.56,46.79,15.77,0.2521
ORD10297,12/27/2025,West,CUST1007,Furniture,Chair,1,121.68,0.15,103.43,60.56,42.87,0.4145
ORD10298,12/28/2025,East,CUST1052,Office Supplies,Pen Set,1,10.52,0.05,10,7.43,2.57,0.257
ORD10299,12/29/2025,North,CUST1014,Electronics,Keyboard,6,48.39,0.02,284.54,226.33,58.21,0.2046
ORD10300,12/31/2025,West,CUST1073,Clothing,Jeans,5,53.26,0.07,247.67,148.23,99.44,0.4015
